{"cameraMode":{"drawMode":0,"name":"Shaded","section":"Shading Mode"},"sceneLighting":true,"audioPlay":false,"sceneViewState":{"showFog":true,"showMaterialUpdate":false,"showSkybox":true,"showFlares":true,"showImageEffects":true,"showParticleSystems":true,"showVisualEffectGraphs":true,"m_FxEnabled":true},"in2DMode":false,"pivot":{"x":-2.1551432609558107,"y":-0.0006510019302368164,"z":-0.5890312194824219},"rotation":{"x":0.03600579872727394,"y":0.9626173377037048,"z":-0.16177339851856233,"w":0.21424932777881623},"size":6.241595268249512,"orthographic":false}