{"cameraMode":{"drawMode":0,"name":"Shaded","section":"Shading Mode"},"sceneLighting":true,"audioPlay":false,"sceneViewState":{"showFog":true,"showMaterialUpdate":false,"showSkybox":true,"showFlares":true,"showImageEffects":true,"showParticleSystems":true,"showVisualEffectGraphs":true,"m_FxEnabled":true},"in2DMode":false,"pivot":{"x":8.838919639587403,"y":-21.854665756225587,"z":32.739158630371097},"rotation":{"x":-0.37190961837768557,"y":0.032571181654930118,"z":-0.013057771138846875,"w":-0.9276115894317627},"size":25.988704681396486,"orthographic":false}