{"cameraMode":{"drawMode":0,"name":"Shaded","section":"Shading Mode"},"sceneLighting":true,"audioPlay":false,"sceneViewState":{"showFog":true,"showMaterialUpdate":false,"showSkybox":true,"showFlares":true,"showImageEffects":true,"showParticleSystems":true,"showVisualEffectGraphs":true,"m_FxEnabled":true},"in2DMode":false,"pivot":{"x":494.2005615234375,"y":109.54081726074219,"z":-425.0002136230469},"rotation":{"x":0.00862058810889721,"y":0.9813345670700073,"z":-0.18649931252002717,"w":0.045092206448316577},"size":1072.2286376953125,"orthographic":false}