{"cameraMode":{"drawMode":0,"name":"Shaded","section":"Shading Mode"},"sceneLighting":true,"audioPlay":false,"sceneViewState":{"showFog":true,"showMaterialUpdate":false,"showSkybox":true,"showFlares":true,"showImageEffects":true,"showParticleSystems":true,"showVisualEffectGraphs":true,"m_FxEnabled":true},"in2DMode":false,"pivot":{"x":4.845832824707031,"y":12.360021591186524,"z":-24.885929107666017},"rotation":{"x":-0.38571426272392275,"y":-0.035127196460962298,"z":0.014684217981994152,"w":-0.9217667579650879},"size":13.775487899780274,"orthographic":false}