{"cameraMode":{"drawMode":0,"name":"Shaded","section":"Shading Mode"},"sceneLighting":true,"audioPlay":false,"sceneViewState":{"showFog":true,"showMaterialUpdate":false,"showSkybox":true,"showFlares":true,"showImageEffects":true,"showParticleSystems":true,"showVisualEffectGraphs":true,"m_FxEnabled":true},"in2DMode":false,"pivot":{"x":-2.6752891540527345,"y":14.038909912109375,"z":3.8400702476501467},"rotation":{"x":0.021386615931987764,"y":0.7274377942085266,"z":0.02269672229886055,"w":-0.6854644417762756},"size":9.244292259216309,"orthographic":false}